NAME,L1,L2,L3,L4,L5,L6,L7,L8,R1,R2,R3,R4,R5,R6,R7,R8
H1_OFF,0,0,20,0,0,0,0,0,-2.912521207597605,14.797211641979958,9.378242784275793,-18.417467264874038,-4.502543952518713,-11.78724030936997,0,0
H2_OFF,0,0,20,0,0,0,0,0,-3.4288338927583357,12.35308314377377,1.0305164337039718,-17.14659504574466,-13.148005828272188,-10.241260113968313,0,0
H3_OFF,0,0,20,0,0,0,0,0,-1.2352883077957917,13.737617608561589,9.907754150113638,-25.970021959603375,-4.658407205155875,-21.14877125526975,0,0
H4_OFF,0,0,20,0,0,0,0,0,-2.0514193745013465,10.087401000117712,1.552353833131546,-24.85996392393315,-13.6542775196727,-19.701339809880896,0,0
